Qty,Component,Link
3,18650 Lithium Ion Cells,https://epro.pk/product/inr18650-li-ion-lithium-battery-cell-3-7v-high-capacity-power-cell/
1,TowerPro SG90 Servo,https://epro.pk/product/tower-pro-sg90-9g-micro-servo-motor-with-accessories-blue/
1,Servo Controller (CCMP Digital Multi Servo Tester),https://epro.pk/product/ccmp-digital-multi-servo-tester-for-esc-rc-servo-testing/
1,LM2596 DC to DC Step Down Buck Converter with 7 Segment Display,https://epro.pk/product/dc-dc-step-down-buck-converter-with-7-segment-display-lm2596-in-pakistan/
3,2 Pin On/Off Rocker Switches,https://epro.pk/product/2-pin-on-off-switch-rocker-switch-in-pakistan/
1,100k Potentiometer,https://epro.pk/product/variable-resistor-potentiometer-volume-5k-10k-50k-100k/
2,6 Pin Toggle Switches (MTS-202 DPDT),https://epro.pk/product/toggle-switch-mts-202-on-on-6-pins-dpdt-mini-toggle-switch-in-pakistan/
1,TP4056 Lithium Battery Charging Board (1A Type-C),https://epro.pk/product/tp4056-lithium-battery-charging-board-1a-type-c-in-pakistan/
1,18650 Battery Holder (3 Cell),https://epro.pk/product/18650-battery-holder-3-cell-in-pakistan/
